<?xml version="1.0" encoding="utf-8" ?>
<dwsync>
<file name="optAllow.png" server="tmfrl3120.cafe24.com" local="131800033782656256" remote="131800977600000000" Dst="0" />
<file name="backIcon.svg" server="tmfrl3120.cafe24.com" local="131801648721402962" remote="131801648400000000" Dst="0" />
<file name="close.svg" server="tmfrl3120.cafe24.com" local="131799805424905615" remote="131800978200000000" Dst="0" />
<file name="hmgoepprod.jpg" server="tmfrl3120.cafe24.com" local="131801782942156712" remote="131800992000000000" Dst="0" />
<file name="hmgoepprod (1).jpg" server="tmfrl3120.cafe24.com" local="131801782941986724" remote="131800992000000000" Dst="0" />
<file name="login.svg" server="tmfrl3120.cafe24.com" local="131799798696388247" remote="131800978200000000" Dst="0" />
<file name="menu.svg" server="tmfrl3120.cafe24.com" local="131799798030377872" remote="131800978200000000" Dst="0" />
<file name="optAllow.svg" server="tmfrl3120.cafe24.com" local="131800017483402163" remote="131800978200000000" Dst="0" />
<file name="pant02.jpg" server="tmfrl3120.cafe24.com" local="131801782942236727" remote="131800992000000000" Dst="0" />
<file name="pant_hm.jpg" server="tmfrl3120.cafe24.com" local="131798936662743547" remote="131800978200000000" Dst="0" />
<file name="pant_zara.jpg" server="tmfrl3120.cafe24.com" local="131798935027269081" remote="131800978200000000" Dst="0" />
<file name="whiteLogo.svg" server="tmfrl3120.cafe24.com" local="131798963964104115" remote="131800978200000000" Dst="0" />
<file name="zeyo_icon01.svg" server="tmfrl3120.cafe24.com" local="131794588263423935" remote="131800978200000000" Dst="0" />
<file name="zeyo_icon02.svg" server="tmfrl3120.cafe24.com" local="131794589662442427" remote="131800978200000000" Dst="0" />
<file name="zeyo_icon03.svg" server="tmfrl3120.cafe24.com" local="131794590367085130" remote="131801647800000000" Dst="0" />
<file name="zeyo_icon04.svg" server="tmfrl3120.cafe24.com" local="131794588687975849" remote="131800978200000000" Dst="0" />
<file name="zeyo_icon05.svg" server="tmfrl3120.cafe24.com" local="131794590109846372" remote="131800978200000000" Dst="0" />
<file name="Xbt.svg" server="tmfrl3120.cafe24.com" local="131801007465205289" remote="131801008200000000" Dst="0" />
</dwsync>