<?xml version="1.0" encoding="utf-8" ?>
<dwsync>
<file name="NanumSquareR.eot" server="tmfrl3120.cafe24.com" local="131783392750000000" remote="131800978200000000" Dst="0" />
<file name="NanumSquareB.eot" server="tmfrl3120.cafe24.com" local="131783392750000000" remote="131801007600000000" Dst="0" />
<file name="NanumSquareR.woff" server="tmfrl3120.cafe24.com" local="131783392750000000" remote="131800978200000000" Dst="0" />
<file name="NanumSquareB.woff" server="tmfrl3120.cafe24.com" local="131783392750000000" remote="131801007600000000" Dst="0" />
<file name="NanumSquareEB.eot" server="tmfrl3120.cafe24.com" local="131783392750000000" remote="131801007600000000" Dst="0" />
<file name="NanumSquareB.ttf" server="tmfrl3120.cafe24.com" local="131783392750000000" remote="131801007600000000" Dst="0" />
<file name="NanumSquareR.ttf" server="tmfrl3120.cafe24.com" local="131783392750000000" remote="131800978200000000" Dst="0" />
<file name="NanumSquareEB.woff" server="tmfrl3120.cafe24.com" local="131783392750000000" remote="131801007600000000" Dst="0" />
<file name="NanumSquareL.eot" server="tmfrl3120.cafe24.com" local="131783392760000000" remote="131801007600000000" Dst="0" />
<file name="NanumSquareL.woff" server="tmfrl3120.cafe24.com" local="131783392760000000" remote="131801007600000000" Dst="0" />
<file name="NanumSquareEB.ttf" server="tmfrl3120.cafe24.com" local="131783392760000000" remote="131801007600000000" Dst="0" />
<file name="NanumSquareL.ttf" server="tmfrl3120.cafe24.com" local="131783392760000000" remote="131801007600000000" Dst="0" />
</dwsync>